,sepal_length,sepal_width,petal_length,petal_width
sepal_length,0.6856935123042504,-0.042434004474272924,1.2743154362416111,0.516270693512304
sepal_width,-0.042434004474272924,0.18997941834451895,-0.3296563758389261,-0.12163937360178974
petal_length,1.2743154362416111,-0.3296563758389261,3.1162778523489965,1.2956093959731547
petal_width,0.516270693512304,-0.12163937360178974,1.2956093959731547,0.5810062639821025
