,sepal_length,sepal_width,petal_length,petal_width
skew,0.3149109566369728,0.31896566471359966,-0.27488417975101276,-0.10296674764898116
kurt,-0.5520640413156395,0.2282490424681929,-1.4021034155217518,-1.340603996612646
