species,proportion
setosa,0.3333333333333333
versicolor,0.3333333333333333
virginica,0.3333333333333333
